nombre,correo,telefono,direccion,ciudad,fecha_registro
Miguel Ángel Sandoval,crespiflorentino@example.com,+34684505851,"Calle de María Dolores Arnau 14, Palencia, 40949",Madrid,2025-08-01
Adela Camps Andrés,rogeliopla@example.net,+34877 032 450,"Vial de Teófilo Ojeda 7 Puerta 1 , Navarra, 43347",Huelva,2025-08-01
Fausto Morell Piñol,maria-manuela56@example.net,+34881 15 59 19,"Calle Catalina Aznar 362, Salamanca, 22385",Ciudad,2025-08-01
Manu Berrocal Alvarez,victor-manuel55@example.com,+34 807805049,"Vial de Merche Coello 16, Almería, 21265",Ávila,2025-08-01
Borja José Antonio Uría Narváez,virginia39@example.com,+34 800 78 41 78,"Alameda Renato Nicolau 57 Piso 3 , Albacete, 42867",Málaga,2025-08-01
Adelia Bustos Grande,ricardadomingo@example.org,+34 887 066 975,"Alameda Jose Angel Castilla 9, Zaragoza, 48902",Castellón,2025-08-01
Ignacio Cobos Carbajo,antoniazurita@example.net,+34858 98 84 18,"Avenida Cosme Río 7 Puerta 0 , Burgos, 46954",Ávila,2025-08-01
Antonia del Velasco,cabreravictor-manuel@example.org,+34 945796829,"Vial David Rico 772 Apt. 95 , Murcia, 35902",Baleares,2025-08-01
Valerio César Blanca Alcázar,yolandaelias@example.org,+34 911575068,"Via Faustino Lladó 48 Piso 1 , Zaragoza, 35285",Ourense,2025-08-01
Cruz Barreda Rivero,merchearnaiz@example.net,+34 685 627 639,"Avenida Ramona Ferrán 508 Puerta 3 , Ciudad, 50715",Murcia,2025-08-01
Arcelia Ferrero Gimeno,sastrecarmina@example.org,+34 924 19 49 14,"C. de Brunilda Pomares 667, Ourense, 48429",Huesca,2025-08-01
Florina Ribes Alemany,tlloret@example.net,+34979 83 09 44,"Glorieta de Adoración Luján 9, Madrid, 07798",Badajoz,2025-08-01
Aristides Casas Garcés,leonmiralles@example.org,+34920 133 443,"Alameda Sosimo Acevedo 50, La Coruña, 14055",Cantabria,2025-08-01
Dalila Codina Bayo,vallejojuan-antonio@example.org,+34 922455749,"Callejón de Nidia Tormo 71, Cuenca, 49269",Cantabria,2025-08-01
Reyes Velasco Cabo,ariel02@example.net,+34 928725387,"Rambla de Zaida Izaguirre 8, Ávila, 23986",Granada,2025-08-01
Lino Lozano Peñas,hurtadoeva@example.org,+34980 37 26 64,"Callejón de Cecilio Corbacho 78, Ciudad, 28314",Lugo,2025-08-01
Nadia Casas Codina,valenciafabian@example.com,+34 884 096 888,"Pasaje de Luciano Montserrat 3 Apt. 90 , Segovia, 09608",Alicante,2025-08-01
Román Rogelio Pablo Solsona,eladio55@example.net,+34841 648 683,"Glorieta de Borja Camacho 10 Piso 7 , Cuenca, 28245",Huesca,2025-08-01
Benigna Villaverde Beltrán,ariel36@example.com,+34828 729 597,"Pasaje Anacleto Crespi 1, Badajoz, 49902",Granada,2025-08-01
Victoriano Pereira Fábregas,leocadia86@example.net,+34 728 617 327,"Cañada Dulce Corbacho 70 Apt. 20 , León, 26996",Lugo,2025-08-01
Román Renato Corbacho Carmona,glamas@example.org,+34872 150 945,"Glorieta de Micaela Gabaldón 60, Murcia, 22322",Navarra,2025-08-01
Severino Francisco Fuente,itziar91@example.org,+34 982554870,"Ronda Juanito Marcos 64 Piso 0 , Zamora, 08911",Valladolid,2025-08-01
Eva Pujadas-Alsina,jose-carlosjover@example.com,+34848 56 36 88,"Cañada Florencio Lozano 34 Piso 2 , Álava, 24797",Asturias,2025-08-01
Ciro Izquierdo Gibert,vilarlorenza@example.org,+34946 617 008,"Cuesta de Néstor Valcárcel 32 Apt. 07 , Tarragona, 38207",Ciudad,2025-08-01
Remigio Sacristán Arce,domingopena@example.net,+34 942 26 72 17,"Callejón de Amarilis Alcázar 6 Piso 5 , Toledo, 12567",Palencia,2025-08-01
Jose de Torrents,apolinar86@example.com,+34 878 359 321,"Avenida de Nilda Mulet 40, Álava, 20736",Cantabria,2025-08-01
Joel Bastida Espinosa,albaabilio@example.org,+34 842 584 657,"Pasaje de Noelia Boix 82, Vizcaya, 09453",Córdoba,2025-08-01
Sara Martínez Manso,andres-felipe15@example.com,+34 825 090 880,"Rambla de Hugo Acero 5 Apt. 32 , Zaragoza, 39488",Zamora,2025-08-01
Olimpia del Cerdá,jbartolome@example.org,+34 943 739 802,"Via Juan Boix 8 Apt. 54 , Santa Cruz de Tenerife, 05257",Málaga,2025-08-01
Feliciana Prats-Roma,teo07@example.com,+34 949 62 51 42,"Plaza de Gil Barranco 1 Apt. 12 , Valencia, 01217",Las Palmas,2025-08-01
Andrés Felipe de Ropero,ingrid08@example.net,+34 825 36 59 96,"Pasaje Ariel Donaire 367 Apt. 08 , Jaén, 14883",Cuenca,2025-08-01
Marco Perez Cánovas,palominoursula@example.com,+34 928 43 72 70,"Cuesta Paca Ropero 22 Apt. 10 , Málaga, 13165",Pontevedra,2025-08-01
Rómulo Chacón Suárez,aurora74@example.net,+34872125087,"Callejón Tatiana Cámara 24 Puerta 7 , Teruel, 02096",Badajoz,2025-08-01
Jerónimo Planas Conesa,rosalina39@example.net,+34 922723387,"Cañada de Judith Serna 27, Las Palmas, 48871",Córdoba,2025-08-01
Juan Bautista Conde Carreño,ycal@example.org,+34888 206 672,"Ronda de Loreto Ballesteros 25, Cádiz, 27743",Salamanca,2025-08-01
Bernardo Esteban Saez Garcia,carla57@example.com,+34 818 98 82 68,"Calle Lupe Ramos 84 Puerta 2 , Asturias, 34188",Ourense,2025-08-01
Candelaria Narváez Bru,albertoguillen@example.org,+34901843261,"Paseo de Leticia Solsona 91 Apt. 42 , Ávila, 32654",Teruel,2025-08-01
Carlota Sales,bvergara@example.org,+34847 441 047,"Paseo Valero Riquelme 80 Piso 2 , Ourense, 41944",Cantabria,2025-08-01
María Agudo Menendez,nataliacomas@example.com,+34 633011044,"Pasaje de Aarón Vallejo 7, Huelva, 18648",Navarra,2025-08-01
Felix Catalá Valverde,ysarmiento@example.com,+34 828080716,"Camino Calixta Cañas 7, Cádiz, 34469",Segovia,2025-08-01
Gracia Arjona Morales,hzamorano@example.org,+34 647020436,"Paseo de Cristian Benavides 92 Apt. 21 , Ourense, 29438",Barcelona,2025-08-01
Fausto Prieto Bermúdez,rbernal@example.org,+34824 23 35 85,"Acceso de León Hernandez 66, Huesca, 34604",Lleida,2025-08-01
Dorita Jerez Baeza,isaac22@example.com,+34 886973969,"Camino Beatriz Castillo 916, Barcelona, 40924",Zaragoza,2025-08-01
Candelas Elías Carbó,gascondolores@example.org,+34883428545,"Plaza Edgardo Borja 46 Apt. 03 , Ceuta, 41386",Palencia,2025-08-01
María Manuela Pavón Rojas,bmartorell@example.org,+34924 89 15 41,"Cañada de Fermín Moreno 979 Piso 1 , Murcia, 15482",Ourense,2025-08-01
Eduardo Ureña Huerta,alcalaadolfo@example.net,+34 972 37 11 62,"Pasadizo Fabricio Ros 29 Apt. 59 , Albacete, 43170",Sevilla,2025-08-01
Pascual Anselmo Román Riera,oliviamendizabal@example.com,+34875 76 21 91,"Alameda Chuy Gutierrez 78 Puerta 1 , Córdoba, 16555",Ciudad,2025-08-01
Miguel Ángel Herrera-Bayona,reginamontalban@example.com,+34 734 461 692,"Callejón de Mireia Serna 294, Albacete, 47189",Zamora,2025-08-01
Curro Damián Garay Raya,ainara16@example.org,+34 844 324 793,"Cuesta de Lina Herrera 27, Huesca, 20887",Murcia,2025-08-01
Matilde Montero Marco,olimpia64@example.com,+34 949 75 70 13,"C. Gustavo Hernández 96 Puerta 0 , Badajoz, 38261",Lleida,2025-08-01
Heraclio Luque Tejedor,saturninogilabert@example.net,+34 922472794,"Via Che Céspedes 623, Ciudad, 12875",Vizcaya,2025-08-01
Verónica Fuertes Palomino,querolcristobal@example.com,+34921092471,"Via Aitor Bonet 64, Ciudad, 21092",Guadalajara,2025-08-01
Teófilo Cervantes Barral,carlafolch@example.org,+34942 66 63 95,"Camino Gonzalo Oliver 58, Melilla, 23767",Badajoz,2025-08-01
Diego Mir Carrera,ycosta@example.com,+34943 74 63 47,"Camino Victor Villalonga 71, León, 04118",Barcelona,2025-08-01
Julie Pou Ferreras,plarrea@example.org,+34947 156 919,"Cuesta Griselda Olivé 77 Piso 8 , León, 30369",Barcelona,2025-08-01
Tristán de Canales,silvestre68@example.org,+34913 53 19 66,"Callejón de Leire Verdú 37, Palencia, 48097",Guadalajara,2025-08-01
Marcela Malo Ramírez,reciochita@example.net,+34 877174225,"Vial Ignacia Benavente 25, Valencia, 34666",Navarra,2025-08-01
Eugenia Espejo-Miró,ffeliu@example.org,+34 871 01 08 20,"Ronda de Rogelio Murcia 994, Ceuta, 14641",Córdoba,2025-08-01
Carmen Piña Olivera,tmanrique@example.net,+34985 53 79 04,"Callejón de Quique Cámara 58, Sevilla, 46747",Las Palmas,2025-08-01
Armando Posada Guillen,qpereira@example.org,+34828930907,"Plaza Nicodemo Martínez 46, La Rioja, 40842",Melilla,2025-08-01
Chus Melero Barreda,herediaariadna@example.com,+34949 77 09 45,"C. Fulgencio Valenzuela 42, Barcelona, 41793",Guadalajara,2025-08-01
Aarón Medina Rodriguez,silvestre70@example.org,+34847343252,"C. de Joaquín Simó 57, Sevilla, 13151",Cádiz,2025-08-01
Ambrosio Campillo Valero,luisa89@example.org,+34 988 996 367,"Paseo Ildefonso Canet 9, Badajoz, 21725",Granada,2025-08-01
Consuelo Borja-Agudo,carolinapol@example.com,+34 823 55 24 12,"Pasaje de Carlota Santana 9 Puerta 8 , Zamora, 42941",Badajoz,2025-08-01
Carlito Arévalo Tovar,bernardatorres@example.net,+34875 255 989,"Via de Pía Murcia 4, Ávila, 27121",Albacete,2025-08-01
Enrique Coll Tena,ucueto@example.com,+34 820 13 98 86,"Vial Ramón Sanz 6 Apt. 79 , La Rioja, 25510",Lugo,2025-08-01
Victor Coll,claudioarroyo@example.org,+34 924213396,"Pasadizo de Macaria Alcántara 33, Ciudad, 35272",Melilla,2025-08-01
Graciano Jordá Riera,egeavictor-manuel@example.org,+34 988 35 36 79,"Ronda de Horacio Lledó 91 Piso 6 , Cádiz, 48316",Vizcaya,2025-08-01
Sergio Robles Camino,lrosello@example.com,+34943 30 48 51,"Acceso Sarita Rosado 30, Alicante, 23284",Jaén,2025-08-01
Américo Cabañas Riquelme,juan-carlosboada@example.org,+34923 490 128,"Ronda de Vasco Bautista 26 Apt. 86 , Albacete, 49442",Almería,2025-08-01
Maxi del Andrade,tfabra@example.net,+34 807255248,"Rambla Alejandra Ramirez 4, Huesca, 01507",Salamanca,2025-08-01
Carmelita Borrás Roda,naranjopatricio@example.net,+34821 009 066,"Glorieta de Octavia Canet 825, Badajoz, 47326",Córdoba,2025-08-01
Nazaret Jerez Chaves,parejapio@example.org,+34 887 078 440,"Via de Flavio Rincón 29 Piso 9 , Huesca, 40362",Huesca,2025-08-01
Gonzalo Vazquez Juliá,calisto54@example.net,+34 888 204 917,"Cañada Gerónimo Zapata 77 Puerta 1 , Valladolid, 48783",Guadalajara,2025-08-01
Borja Agustín Borrell,jose-francisco71@example.org,+34901 522 902,"Rambla Saturnina Blanes 71, Albacete, 36526",Murcia,2025-08-01
Juliana Cabello,nicolasa55@example.com,+34 924 955 298,"Camino Ibán Viana 8, Valladolid, 50262",La Coruña,2025-08-01
Wilfredo Fernández Ayala,pelaezamanda@example.net,+34 966432116,"Rambla de Ester Cortes 37 Piso 6 , Barcelona, 31418",Murcia,2025-08-01
David Salgado Coronado,jovecamila@example.net,+34 872 187 006,"Vial Alba Solana 1 Apt. 68 , Cádiz, 34144",Asturias,2025-08-01
Mateo Godoy Núñez,guerraflor@example.com,+34 926 990 164,"Vial Herminia Coronado 789, Las Palmas, 15724",Valladolid,2025-08-01
Melisa Novoa Naranjo,cadenasarmida@example.com,+34803 45 68 81,"Pasadizo de Samanta Barrio 6, Valencia, 29771",Sevilla,2025-08-01
Sergio Infante,dpol@example.net,+34 875 41 42 28,"Pasadizo Jacobo Arjona 80 Puerta 3 , Palencia, 11342",Guipúzcoa,2025-08-01
Julieta de Valls,bermudezdonato@example.com,+34836 81 95 45,"Urbanización Ruth Corominas 84, Tarragona, 51101",Alicante,2025-08-01
Andrea Batalla-Tudela,wgaray@example.org,+34 848 11 55 27,"Rambla de Nicanor Font 91, Las Palmas, 37963",Barcelona,2025-08-01
Jimena Capdevila Lucas,serafina11@example.org,+34 950 34 34 15,"Glorieta de Amaro Romero 50 Puerta 7 , Huelva, 28729",Melilla,2025-08-01
Adelina Iglesias Castells,morena00@example.com,+34874 59 13 66,"Via de Elodia Godoy 5, León, 05211",Zaragoza,2025-08-01
Estrella Constanza Ribera Llano,natividadpi@example.com,+34 988390163,"C. Gerónimo Contreras 17 Piso 6 , Ciudad, 32942",Zamora,2025-08-01
Amalia Vélez Almagro,bpalomares@example.net,+34 901 228 661,"Plaza de Ramona Ramírez 51, Lugo, 01744",Alicante,2025-08-01
Ema Portero Martínez,rosariocasals@example.com,+34944 352 643,"Via de Fernando Villar 10, Valencia, 47590",Navarra,2025-08-01
Chucho Prats Múgica,salassaturnino@example.net,+34 880 078 854,"Paseo de Diego Adadia 17 Piso 2 , Las Palmas, 26756",Castellón,2025-08-01
Berto Bosch Pol,abrilvalverde@example.com,+34 807025505,"Vial Jose Francisco Bermudez 15, Lleida, 48042",Guipúzcoa,2025-08-01
Marisol Aranda Marqués,victorgomis@example.com,+34971 475 832,"Camino de Caridad Vallejo 23 Apt. 73 , Melilla, 01734",Alicante,2025-08-01
Juan Antonio Montalbán Fernandez,sancho17@example.com,+34885 668 929,"Pasaje Adelaida Segovia 58 Apt. 82 , Málaga, 44528",Teruel,2025-08-01
Edmundo del Bou,lucianopareja@example.com,+34926 932 487,"Callejón Marcial Lago 2, Soria, 46416",Cuenca,2025-08-01
Roldán Burgos-Serna,catalina71@example.com,+34 983 48 69 81,"Ronda Laura Martin 39 Apt. 64 , Ávila, 33249",Teruel,2025-08-01
Nélida Vall Álvarez,alfarogilberto@example.net,+34 977 838 233,"Avenida Graciano Cámara 29 Apt. 19 , Ceuta, 36834",Guadalajara,2025-08-01
María Cristina Rozas-Vera,angeles62@example.net,+34 960 84 88 55,"Alameda de Noé Diez 29, Sevilla, 25060",Albacete,2025-08-01
Chucho Prado,rosario33@example.com,+34818 17 98 83,"Ronda Marcio Cañellas 11 Apt. 59 , Baleares, 30538",Salamanca,2025-08-01
Irene Luna Ferrando Pereira,tometito@example.com,+34843 91 48 41,"Acceso Pepe Alberdi 564, Santa Cruz de Tenerife, 32766",Valladolid,2025-08-01
Olimpia Asunción Vilalta Abascal,hjulia@example.com,+34 985 227 811,"Avenida de Isidro Ariño 7, Barcelona, 01470",Melilla,2025-08-01
León Maza Pera,ucolom@example.org,+34 872 085 243,"Cuesta Roldán Solís 283, Guipúzcoa, 11711",Barcelona,2025-08-01
Custodia Rius Alberdi,rocio18@example.com,+34 688 49 00 48,"Pasadizo de Diana Cepeda 20 Piso 1 , Ciudad, 08495",Sevilla,2025-08-01
Rosa María Almeida Araujo,bertraneliana@example.com,+34 888 042 738,"Vial de Emilio Cerezo 5 Puerta 1 , Palencia, 51509",Castellón,2025-08-01
Julieta Aitana Cid Palmer,moreno61@example.org,+34 944 08 72 83,"Urbanización Rosalinda Martorell 92, Córdoba, 31587",Sevilla,2025-08-01
Fernanda Cáceres Ribas,isabelmercader@example.com,+34 942 00 44 25,"Pasadizo de Mayte Seguí 4 Apt. 82 , Ourense, 46430",Las Palmas,2025-08-01
Adriana Benitez Gárate,oguerrero@example.net,+34 826 644 753,"Cañada de José Antonio Arribas 8 Apt. 97 , Granada, 30239",Guipúzcoa,2025-08-01
Ovidio Caparrós Bejarano,escolanoperla@example.net,+34 877 545 817,"Ronda de Victor Manuel Millán 51 Apt. 64 , Alicante, 45287",Ciudad,2025-08-01
Mario Bonet Ripoll,qartigas@example.net,+34 943699258,"Ronda Nazaret Fajardo 696 Piso 0 , Granada, 48382",Murcia,2025-08-01
Julia Elena Gomez Cañete,tomasa03@example.net,+34 976685689,"Cañada Natalia Rosa 6 Apt. 25 , Burgos, 16128",Segovia,2025-08-01
Candelaria del Aramburu,ffuster@example.net,+34 882610564,"Cañada de Joaquina Soler 3 Piso 8 , Ávila, 23470",Girona,2025-08-01
Macarena de Baeza,miguel-angelballesteros@example.org,+34 634263758,"Ronda de Julio César Carbajo 94, Girona, 30148",Lugo,2025-08-01
Marcio Amador Sastre,varelaalbert@example.com,+34 979 38 77 23,"C. de Manolo Flor 333 Piso 0 , Cantabria, 07115",Pontevedra,2025-08-01
Calisto Marí Tomás,javiera73@example.net,+34 886 78 20 70,"Glorieta de Guadalupe Lluch 9 Piso 2 , Cádiz, 11290",Melilla,2025-08-01
Enrique de Ariño,cnoguera@example.net,+34 886 384 859,"Vial de Consuela Barrios 77 Piso 2 , Castellón, 17458",Vizcaya,2025-08-01
Sabas Múgica Múgica,zcabrero@example.org,+34860 20 46 69,"Cañada de Samu Bermudez 91 Piso 0 , Tarragona, 18431",Segovia,2025-08-01
Violeta Alcalá Vallés,carrascojose-carlos@example.net,+34845 19 28 87,"Urbanización Yaiza Gallardo 6, Murcia, 48036",La Coruña,2025-08-01
Pastora Coll Llorente,carlota79@example.net,+34845 00 44 70,"Calle Édgar Valbuena 93 Piso 9 , Barcelona, 05449",Zamora,2025-08-01
Josefa Farré-Gual,antoniamancebo@example.org,+34 847 64 28 53,"Callejón de Hermenegildo Mata 4 Apt. 51 , La Coruña, 07741",Segovia,2025-08-01
Juan Manzano,franciscomarcia@example.org,+34 979 455 566,"Alameda de Modesto Rozas 303, Cádiz, 10389",Alicante,2025-08-01
Aránzazu Farré,ascension09@example.net,+34980914412,"C. Gabriela Corominas 80 Puerta 4 , Guadalajara, 08747",Lleida,2025-08-01
Amparo Florentina Martín Aguirre,ruy88@example.net,+34848 95 58 80,"C. de Joan Cañizares 3, Tarragona, 23182",Castellón,2025-08-01
Sarita Fuertes Morell,wsobrino@example.net,+34 943 99 70 87,"Urbanización Isidora Arnal 37, Salamanca, 14081",Girona,2025-08-01
Mar Navarrete Caro,tcontreras@example.net,+34847294176,"Vial Ildefonso Carpio 3, Alicante, 17106",Lleida,2025-08-01
Amanda Gertrudis Alonso Cabanillas,mariscalgoyo@example.com,+34828 95 07 66,"Cuesta de Cruz Esteve 4, Tarragona, 17114",Valladolid,2025-08-01
Moisés Gelabert Benavente,aguirrecirino@example.com,+34880 29 87 03,"Camino Amaro Mas 27 Apt. 55 , Ourense, 08069",Navarra,2025-08-01
Nazaret Falcó Pacheco,pabloanna@example.com,+34 729380738,"Pasaje Venceslás Robledo 1, Toledo, 13243",Cádiz,2025-08-01
María Belén Hervia-Sevilla,zairaalmazan@example.org,+34 981 29 32 73,"Paseo de Clímaco Iborra 64, Guipúzcoa, 17455",Guadalajara,2025-08-01
Rosa del Uriarte,nidiaoller@example.net,+34 827 03 91 72,"Pasaje de Valerio Montaña 76, Girona, 43723",Castellón,2025-08-01
Urbano Pujol Vélez,scuadrado@example.net,+34881 470 976,"C. de Saturnino Bernad 6 Puerta 8 , Baleares, 25095",Palencia,2025-08-01
Esteban del Menéndez,penalverfabian@example.net,+34 822366358,"Alameda Jose Manuel Ugarte 20, Guadalajara, 38717",Albacete,2025-08-01
Lucila Corbacho Carbajo,nogueiralaura@example.com,+34 883 055 686,"Plaza Jose Ramón Lozano 696, Cádiz, 09192",Huesca,2025-08-01
Fito Miralles Laguna,zsolana@example.com,+34826 71 26 95,"Cuesta Néstor Villalonga 14, Cantabria, 07713",Barcelona,2025-08-01
Alberto Ferrando Lopez,ignacia55@example.org,+34729598823,"Glorieta de Ildefonso Elorza 3 Piso 3 , Álava, 36304",La Coruña,2025-08-01
Régulo Reina Prat,ayalaursula@example.net,+34888 41 76 43,"Alameda Yéssica Tello 95 Apt. 57 , Salamanca, 31242",Jaén,2025-08-01
Noa Gallart Casals,eufemia41@example.net,+34 878 87 28 06,"Alameda de Virgilio Hidalgo 4 Piso 1 , Zamora, 39900",Segovia,2025-08-01
Reynaldo Prieto Palomino,ppou@example.net,+34 977 17 86 25,"Plaza Tadeo Alcolea 4, Soria, 49278",Huesca,2025-08-01
Chus Cruz Escribano Heras,gyanez@example.net,+34 902834154,"Cuesta de Cleto Guijarro 894 Piso 9 , Alicante, 18644",Cáceres,2025-08-01
Roque de Amador,natalia83@example.com,+34879 46 08 63,"Vial Evaristo Sedano 78 Puerta 6 , Valencia, 26581",Toledo,2025-08-01
María Ángeles Robles-Coll,ysalmeron@example.net,+34846243298,"Plaza de Porfirio Aguiló 6 Puerta 9 , Teruel, 34528",Jaén,2025-08-01
Jesusa Villanueva Bustos,vtejedor@example.com,+34648 33 59 14,"Vial Ana Rodríguez 157, Asturias, 50931",Lugo,2025-08-01
Poncio Arranz-Toledo,mauricioarias@example.net,+34 871358747,"Vial de Sancho Echeverría 41, Huesca, 26583",Ciudad,2025-08-01
Fanny Castells Mata,cbarreda@example.com,+34 706 337 509,"Glorieta Lucas Cordero 62 Apt. 85 , Jaén, 45357",Asturias,2025-08-01
Hernando Maestre Catalán,carmen95@example.net,+34 944 789 402,"Ronda de Rico Zorrilla 60 Puerta 2 , Álava, 24008",Valencia,2025-08-01
Eli Molins Ponce,afarre@example.com,+34972 723 428,"Ronda de Perla Blázquez 9 Puerta 0 , Soria, 28742",Ceuta,2025-08-01
Adriana de Mateu,acastro@example.com,+34 976 980 759,"Glorieta Fito Plaza 15 Puerta 4 , Baleares, 26513",Albacete,2025-08-01
Camila del Mateo,tonochaparro@example.net,+34954 773 479,"Glorieta de Nieves Chamorro 52 Apt. 17 , Toledo, 19057",Zaragoza,2025-08-01
Maribel Sancho Ledesma,mvaldes@example.net,+34 885 41 45 53,"Alameda de Lalo Gámez 85 Puerta 8 , Alicante, 09713",Salamanca,2025-08-01
Macario Ripoll-Martín,kalcazar@example.com,+34884 464 521,"Paseo Bárbara Pla 2 Apt. 21 , Guadalajara, 10202",Huesca,2025-08-01
África Jurado-Carro,zaida00@example.net,+34709 97 44 92,"Avenida de Marcela Giner 43, Zaragoza, 45487",Madrid,2025-08-01
Chema Pintor Franco,angel19@example.com,+34 962 27 14 22,"Plaza Encarnacion Casanova 55 Piso 2 , Salamanca, 22622",Almería,2025-08-01
Chema Navas Malo,piquerrenata@example.com,+34956 82 60 98,"C. de Graciela Alemany 58 Puerta 1 , Toledo, 11557",Málaga,2025-08-01
Natalia Constanza Santos Laguna,nietoyaiza@example.org,+34826619657,"Cuesta Conrado Arjona 59, Cuenca, 14796",Guipúzcoa,2025-08-01
Xavier Alcalde Peralta,ccerda@example.com,+34842784191,"Cañada Dionisio Domingo 723, Cádiz, 15144",La Rioja,2025-08-01
Angelita Ribes Mascaró,lorenzojosefina@example.org,+34986109623,"Via de Joaquín Morcillo 92 Apt. 15 , Jaén, 26707",León,2025-08-01
Leopoldo Gargallo Carlos,simonromero@example.net,+34 826256115,"Pasaje de Edu Serna 94, Huesca, 40958",Pontevedra,2025-08-01
Roberta Galiano Giménez,jose-luissainz@example.org,+34 825 52 98 54,"Urbanización Consuelo Gelabert 65 Piso 7 , Segovia, 48614",Huesca,2025-08-01
Berto Sosa Ripoll,clementina41@example.com,+34819 581 192,"Via de Blanca Blanca 5 Piso 1 , Badajoz, 06976",Vizcaya,2025-08-01
Manuelita América Benet Puente,wcrespi@example.org,+34 849 806 154,"Via Cintia Pareja 51 Piso 5 , Navarra, 06630",Sevilla,2025-08-01
Anastasia Avilés,felicianariba@example.org,+34833 912 708,"Vial Ester Monreal 41, Baleares, 30653",Burgos,2025-08-01
Gertrudis Francisco Díez,ciro51@example.net,+34937 832 340,"Cañada Joel Alonso 95, Vizcaya, 24743",Lugo,2025-08-01
Yago Pujol Codina,jose-antonio41@example.net,+34976544552,"Paseo Inés Bellido 19, Valencia, 17812",Castellón,2025-08-01
Blas Valenzuela,naranjovera@example.net,+34 841 79 01 37,"Avenida Pancho Larrea 78, Cáceres, 48748",Valladolid,2025-08-01
Martin Roselló Gibert,sofiasanjuan@example.org,+34803 23 59 30,"Pasaje Camilo Lladó 32 Puerta 2 , Santa Cruz de Tenerife, 47739",Melilla,2025-08-01
María José Pedro,graciela79@example.net,+34949 934 504,"Cuesta de Geraldo Peral 69, Barcelona, 25913",Murcia,2025-08-01
Joel Valderrama Vazquez,barmengol@example.org,+34 921 009 672,"Calle de Melchor Pérez 48, Segovia, 28144",Málaga,2025-08-01
Emilia del Velasco,josefa85@example.org,+34924 10 28 83,"Avenida de Baltasar Donaire 29, Madrid, 32023",Navarra,2025-08-01
Inocencio Balaguer-Acuña,rosariorebollo@example.net,+34822 46 41 58,"Callejón de Fabricio Sureda 321 Piso 4 , Ciudad, 34315",Huelva,2025-08-01
Rosa María Vigil Saura,efiguerola@example.net,+34881 76 61 94,"Pasadizo Mario Ariño 23 Piso 7 , Girona, 20237",Valencia,2025-08-01
Fabricio Isern Pla,yesica27@example.com,+34 875 523 216,"Rambla de Aránzazu Jiménez 47, Málaga, 25054",Córdoba,2025-08-01
Teófilo Company Huerta,hugoneira@example.org,+34729 855 478,"Camino de Mateo Mendizábal 1, Salamanca, 02991",Santa Cruz de Tenerife,2025-08-01
Ruth Antúnez Jordá,ginertelmo@example.org,+34 978 20 55 84,"Calle Anastasio Torrijos 86, Álava, 45682",Guadalajara,2025-08-01
Amanda de Meléndez,azahar29@example.com,+34 653 42 96 24,"Paseo de Ruperto Villalba 13, Álava, 35238",Girona,2025-08-01
Mónica Torre,feliciana57@example.com,+34 920 38 13 49,"C. Pancho Arranz 67 Puerta 8 , Huesca, 20584",Navarra,2025-08-01
Daniel Nicolás Cruz,mamen56@example.net,+34820963342,"Rambla Lara Román 38 Puerta 3 , Segovia, 51581",Baleares,2025-08-01
Charo Santamaría Capdevila,pacobarcelo@example.net,+34971 44 07 96,"Glorieta Faustino Suarez 61, Melilla, 27167",Segovia,2025-08-01
Aránzazu Soria Escolano,kcarpio@example.com,+34877 157 442,"Calle de Iker Batalla 27 Puerta 4 , Ourense, 51888",Santa Cruz de Tenerife,2025-08-01
Fabiana Valderrama-Jiménez,vromeu@example.net,+34874192310,"Acceso Fernanda Bermudez 63 Apt. 21 , Lleida, 10188",Pontevedra,2025-08-01
Ruperto Burgos Exposito,pcalderon@example.net,+34945825433,"Camino Noemí Linares 2 Piso 3 , Málaga, 47198",Pontevedra,2025-08-01
René de Carpio,viniciotorrens@example.org,+34 873 49 11 01,"Paseo Macario Gárate 18 Piso 2 , La Rioja, 45682",Girona,2025-08-01
Néstor Andrés Guillen,lloretgaspar@example.net,+34 850 172 546,"Acceso Vidal Cabrero 11, Murcia, 39990",La Coruña,2025-08-01
José Ángel Trillo Gutierrez,tristan14@example.com,+34 820 15 12 73,"Pasaje Aroa Pazos 36 Apt. 30 , Jaén, 23443",Huelva,2025-08-01
Eloy Esteban,narcisacorominas@example.net,+34888 948 613,"Urbanización de Perla Torrecilla 54 Apt. 72 , Madrid, 01674",Ávila,2025-08-01
Fabio Bastida Diéguez,kikerecio@example.net,+34807 97 17 25,"Plaza Modesto Baños 8, Asturias, 38679",Valencia,2025-08-01
Bibiana Benavides Rueda,marruano@example.com,+34 963892917,"Rambla Obdulia Escudero 9, Castellón, 20349",Vizcaya,2025-08-01
Candelario Vito Barriga Estevez,dmiranda@example.net,+34 974 442 467,"Urbanización de Gloria Rodríguez 91 Piso 3 , Madrid, 22722",Teruel,2025-08-01
Miguel Ferrero Montes,julianrafa@example.net,+34943448637,"Pasadizo Montserrat Guzmán 2, Pontevedra, 49331",La Rioja,2025-08-01
Cebrián Polo Perea,gzabala@example.com,+34986 005 775,"Cañada Amor Luz 452 Apt. 24 , Melilla, 40159",León,2025-08-01
Claudia Garcés Rios,grauabraham@example.net,+34978151317,"Via Haroldo Pino 5 Piso 2 , Teruel, 05125",Burgos,2025-08-01
Gerónimo Anaya Carmona,arnalbasilio@example.com,+34942 82 17 36,"Callejón de Juliana Marcos 9, Tarragona, 07075",Santa Cruz de Tenerife,2025-08-01
Jorge de Ayala,oscarsolano@example.org,+34807 99 60 43,"Rambla de Juan Luis Benito 66, Segovia, 20204",Baleares,2025-08-01
Yago Morante Rojas,cayetanolara@example.net,+34 843 868 804,"Pasadizo Amor Yuste 751, Pontevedra, 04638",León,2025-08-01
José Ángel Hervás Ribes,thervas@example.net,+34 972 998 645,"Glorieta Julieta Barco 632, Cuenca, 21565",Barcelona,2025-08-01
Santiago Millán Nevado,elias19@example.org,+34922632706,"Glorieta de Cristina Gascón 31, Pontevedra, 09382",Girona,2025-08-01
Lucho del Vargas,yesica37@example.org,+34876 624 775,"Urbanización de Clara Ocaña 20 Piso 2 , Albacete, 13251",Cáceres,2025-08-01
Ale Ibáñez Valenzuela,efrainferrandez@example.com,+34 872 183 621,"Pasadizo Caridad Saez 477 Piso 5 , Almería, 09102",Cádiz,2025-08-01
Priscila Arévalo Ríos,roberta78@example.com,+34 923 65 01 88,"Cañada Ana Belén Pont 6 Piso 6 , Las Palmas, 22606",La Coruña,2025-08-01
Cándido Coello-Millán,rozasadelardo@example.org,+34881952395,"Vial Eli Batlle 4, Guadalajara, 36664",Girona,2025-08-01
Isidro Aguado-Gallego,urenayago@example.org,+34 856 69 40 12,"Glorieta de Arsenio Rodríguez 87, Sevilla, 06657",Palencia,2025-08-01
Cristina Bolaños Amador,ezequieljaume@example.net,+34 883 305 355,"C. Trini Acero 377 Piso 2 , Cáceres, 37778",Jaén,2025-08-01
Julio César Becerra,vilmavalenciano@example.com,+34985 70 52 94,"Ronda Priscila Amorós 9, Segovia, 50513",Lleida,2025-08-01
Cruz Alcalde Muro,rbonet@example.org,+34718 559 536,"Calle de Paco Moraleda 4 Piso 8 , Toledo, 36452",Pontevedra,2025-08-01
Samuel Agudo Crespo,jose-francisco53@example.com,+34743 27 80 84,"Pasaje de Julián Galvez 659 Apt. 48 , Valencia, 07229",Burgos,2025-08-01
Rosenda Pablo-Jódar,fpareja@example.net,+34925312888,"Paseo de Reyes Tudela 632 Apt. 83 , Melilla, 18441",Granada,2025-08-01
Eulalia Eva Barranco Palomares,agustipalmira@example.net,+34861 04 60 46,"Pasaje Borja Naranjo 289, Cádiz, 10770",Cantabria,2025-08-01
Aura Otero Calzada,anibaltorrens@example.net,+34965 48 19 29,"Cuesta Maximiliano Sobrino 53 Apt. 27 , Cáceres, 45848",Girona,2025-08-01
Begoña Montero Cisneros,catalaasdrubal@example.net,+34 851169769,"Cuesta Eladio Simó 78, Cádiz, 02243",Badajoz,2025-08-01
Lucio Fabra Alcalá,rupertosilva@example.net,+34 885 262 878,"Paseo Arturo Villanueva 6, Málaga, 17433",La Coruña,2025-08-01
Ámbar Carrera-Escamilla,gonzalorosalina@example.org,+34849769194,"Pasaje Rosenda Pascual 6 Apt. 89 , Castellón, 19780",Córdoba,2025-08-01
Leire Amor,marciovergara@example.org,+34959 86 98 54,"Camino Teodora Ballesteros 35 Piso 1 , Asturias, 40449",Segovia,2025-08-01
Edgardo Cases,macedo@example.com,+34 978 880 313,"Rambla de Cayetano Dueñas 58 Puerta 1 , Ciudad, 35702",Soria,2025-08-01
Celia Benavent Barón,cerroberta@example.org,+34976077696,"Cuesta de Amalia Aroca 310, La Rioja, 06399",Granada,2025-08-01
Alcides Gimeno Díaz,yleal@example.net,+34827 88 82 65,"Glorieta Gala Real 53 Puerta 4 , Cantabria, 14335",Álava,2025-08-01
Herminia Benavides Lasa,gertrudis62@example.net,+34 827 36 93 10,"Glorieta de Marina Bonilla 5, Valladolid, 15306",Guadalajara,2025-08-01
Eleuterio Santamaria Pallarès,natalio03@example.org,+34878 20 74 09,"Avenida de Constanza Arroyo 98, Girona, 14337",Cantabria,2025-08-01
Eva Castell,otilia86@example.com,+34 875443871,"Avenida de Isaura Nogueira 78, Cantabria, 39194",La Rioja,2025-08-01
Pía Granados Salazar,posadaaaron@example.com,+34867 125 108,"Alameda de Cristina Cabrero 43, Baleares, 21062",Cuenca,2025-08-01
Luisina Nogueira Saavedra,matilde64@example.com,+34845 10 38 97,"Alameda Crescencia Ramón 83 Apt. 21 , Salamanca, 13290",Tarragona,2025-08-01
Samu Bernat Heredia,nicolauximena@example.net,+34825 168 503,"Alameda Paloma Barba 679 Piso 9 , Ciudad, 25421",Castellón,2025-08-01
Manuel del Gelabert,nicanorosuna@example.net,+34 947 705 007,"Cuesta de Buenaventura Serrano 24, Zaragoza, 41547",Ourense,2025-08-01
Octavia Montesinos Bermúdez,bienvenida20@example.org,+34 920 67 94 11,"Cañada de Juanita Madrid 81 Puerta 7 , Zamora, 11204",Toledo,2025-08-01
Emilia Ariza Pomares,haydeeespanol@example.com,+34 972 062 485,"C. María Pilar Escrivá 390 Piso 9 , Huelva, 13043",Pontevedra,2025-08-01
Adolfo Ureña Viñas,rioshernan@example.com,+34886755251,"Avenida Juan Luis Sola 261, Segovia, 28995",Badajoz,2025-08-01
Flor Adelaida Sureda Burgos,conchayuste@example.org,+34 974 188 702,"Camino Rebeca Cueto 65, Teruel, 41195",Badajoz,2025-08-01
Gilberto Yáñez-Arranz,alerma@example.net,+34978152322,"Ronda de Víctor Franch 374 Puerta 5 , Baleares, 09506",La Rioja,2025-08-01
Adoración Aragón-Torrecilla,cruz97@example.com,+34941374206,"Callejón de Amarilis Rebollo 39, Pontevedra, 28529",Melilla,2025-08-01
Visitación Morell-Mayoral,jmarin@example.net,+34626183457,"Calle Carlota Carlos 831, Asturias, 21573",Madrid,2025-08-01
Amaya Carbajo Olivera,macariogibert@example.com,+34943 672 063,"Pasaje de Maite Guitart 573 Apt. 79 , Almería, 47039",La Rioja,2025-08-01
Rubén Pozuelo Tormo,escalonafabian@example.net,+34 927 45 55 81,"Vial de Nadia Lillo 991 Piso 4 , Lleida, 51302",Segovia,2025-08-01
Nico Amador Yáñez,azahara73@example.com,+34 941 515 384,"Rambla de Gabriel Diego 473 Puerta 8 , Lleida, 37938",Ávila,2025-08-01
Alberto Gil Aparicio Suárez,albinavillanueva@example.com,+34946 781 095,"Avenida Alejo Martorell 77, Salamanca, 04635",Almería,2025-08-01
Patricia Garcia-Iglesias,sernajesus@example.net,+34884 913 113,"Calle Arcelia Palomares 54 Apt. 56 , Huesca, 47960",Córdoba,2025-08-01
Milagros Abril,qperera@example.net,+34873 089 917,"Ronda Piedad Cózar 3 Puerta 9 , Cuenca, 04515",Teruel,2025-08-01
Cipriano Álvarez Portero,amelia56@example.net,+34 827468962,"Callejón Dalila Vargas 14 Apt. 63 , Guadalajara, 32185",Cádiz,2025-08-01
Amalia Simó Montoya,vtome@example.com,+34 920 923 870,"Pasadizo de Paola Quevedo 9 Apt. 00 , Tarragona, 19434",Almería,2025-08-01
Erasmo Villanueva Torralba,luisa99@example.com,+34928 587 992,"Calle de Ágata Cazorla 34 Puerta 3 , Jaén, 36493",Córdoba,2025-08-01
Edgardo Valenciano Romero,matasolimpia@example.org,+34 740 035 148,"Alameda de Benigna Peñas 20 Piso 5 , Córdoba, 49240",Zamora,2025-08-01
Agustina Ferrando Aznar,miguel10@example.org,+34 807 504 797,"Camino Graciana Abella 7, Cuenca, 40645",Ceuta,2025-08-01
Pepe Jose Manuel Moliner Vilar,ecolomer@example.com,+34847679169,"Paseo Enrique Cisneros 8, Baleares, 47121",Cádiz,2025-08-01
Ana Belén Vaquero Baró,ybenavent@example.net,+34 983 18 03 22,"Avenida Lucio Giner 10 Puerta 7 , Cuenca, 15057",Cáceres,2025-08-01
Silvia de Mendizábal,poncemonica@example.org,+34807 639 016,"Vial Leonel Pereira 25 Puerta 4 , Santa Cruz de Tenerife, 02391",La Rioja,2025-08-01
Mamen Llanos Iglesia,carvajalmacarena@example.net,+34 926710083,"Cañada Óscar Rodríguez 9 Apt. 83 , Ceuta, 26721",Ceuta,2025-08-01
Elena Calleja Querol,corneliomarino@example.net,+34 920 742 867,"Calle de Adriana Pedraza 54 Apt. 16 , Cádiz, 50281",Cantabria,2025-08-01
Clara Julie Manzano Laguna,wibanez@example.com,+34729692982,"Paseo Lalo Sobrino 80, Almería, 48317",Zamora,2025-08-01
Fito Hervás Lledó,yesicaamores@example.net,+34849 08 25 08,"Pasaje José Pinilla 2 Apt. 87 , Cádiz, 26528",Castellón,2025-08-01
Vanesa Rodrigo Reyes,joveaurora@example.net,+34983 61 32 19,"Callejón Ale Pi 94, León, 07359",Ceuta,2025-08-01
Gabriela Hoz Vega,adelardoagullo@example.org,+34 874002707,"Alameda Che Ferrández 21, Segovia, 22378",Vizcaya,2025-08-01
Herminio Priego Feliu,sarita42@example.com,+34 920 217 828,"Pasadizo de Cecilio Carbó 30 Puerta 4 , Melilla, 09085",Murcia,2025-08-01
Marcelo Galindo Larrañaga,renatoclemente@example.org,+34 842328078,"Acceso Mateo Querol 40, Segovia, 10884",Vizcaya,2025-08-01
Juan Manuel del Ribas,chuscorominas@example.net,+34846 53 37 17,"Via de Desiderio Maza 95, Ceuta, 38143",Alicante,2025-08-01
Iker Gomez Cabello,canalsadelia@example.com,+34875 07 14 39,"Acceso de Salud Aragón 32 Piso 1 , Guadalajara, 08069",Guadalajara,2025-08-01
Rosalina Criado Albero,fcobo@example.org,+34 949 61 68 44,"Rambla Rosalinda Font 856 Apt. 66 , Huesca, 02497",Tarragona,2025-08-01
Toribio de Pozo,vbayona@example.net,+34700850533,"Cuesta Azeneth Clavero 56 Apt. 39 , Valladolid, 20572",Santa Cruz de Tenerife,2025-08-01
Maribel María Belén Quevedo Rios,blancogloria@example.org,+34610313520,"Cuesta de Celestino Bayo 27 Puerta 4 , Burgos, 19012",Melilla,2025-08-01
Custodio Milla Andrade,delia45@example.org,+34 923 73 41 67,"Vial Araceli Tamarit 89 Puerta 7 , Alicante, 44346",Navarra,2025-08-01
Danilo Gomila Alberto,romanberta@example.com,+34887 55 79 05,"Pasadizo de Jesusa Cuenca 4, Almería, 26022",Navarra,2025-08-01
Amalia Céspedes Tomé,mblanca@example.net,+34 977665972,"Camino de Fabián Carretero 53, Soria, 26128",Huelva,2025-08-01
Fito Barroso Echeverría,riosanastasia@example.com,+34949 11 41 64,"Cuesta Claudio Espejo 18, Álava, 40247",Huesca,2025-08-01
Angelita Pera Melero,roxana63@example.org,+34 882 44 58 05,"Pasadizo Conrado Alvarado 5, Zaragoza, 23896",Asturias,2025-08-01
Coral Ropero-Guerra,luchodiego@example.org,+34807782744,"Urbanización de Valentina Carranza 25, Madrid, 25118",Barcelona,2025-08-01
Mercedes Torrent Becerra,smorcillo@example.org,+34 901 909 218,"Cañada Buenaventura Dávila 87 Piso 8 , Melilla, 08281",Valencia,2025-08-01
José Barrios Zamorano,sanmiguelmaxima@example.net,+34843 30 21 62,"Ronda Candelario Baró 17, Ourense, 45592",Lleida,2025-08-01
Gabriela Manzanares Elorza,pedropelayo@example.com,+34883 39 07 02,"Plaza Manuel Santamaria 7, Alicante, 16647",Asturias,2025-08-01
Sebastián Abad Soto,psandoval@example.org,+34902 705 992,"Acceso de Seve Bauzà 465, Vizcaya, 16163",Ceuta,2025-08-01
Severino Calderón Roldán,auroranevado@example.org,+34975 73 88 41,"Ronda Ibán Rocamora 1, Pontevedra, 06612",Lugo,2025-08-01
Conrado Ciro Aragonés Río,griba@example.org,+34978 29 73 71,"Pasadizo de Heriberto Haro 89 Puerta 0 , Cáceres, 12106",Guipúzcoa,2025-08-01
Yésica Coronado-Gilabert,amaliaespinosa@example.org,+34826 430 215,"Plaza de Manuela Botella 62, Cuenca, 51327",Cuenca,2025-08-01
Eufemia Figueroa Peiró,sebastiansilvia@example.org,+34946526863,"Pasadizo Jenny Casanovas 27, Albacete, 26558",Teruel,2025-08-01
Mar Osorio-Belmonte,zavila@example.net,+34 843 08 18 32,"Via de Eliseo Ramis 6 Puerta 3 , Huesca, 50295",Barcelona,2025-08-01
Constanza Leon Juliá,jordiperez@example.org,+34975 223 184,"Cañada Pepita Hernández 2, Toledo, 17207",Valladolid,2025-08-01
Aníbal Carvajal Neira,pacificacornejo@example.net,+34 953 11 40 01,"Cañada Manola Becerra 11 Apt. 37 , Palencia, 36629",Córdoba,2025-08-01
Manola de Gargallo,hmolins@example.com,+34827 02 00 63,"Avenida de Balduino Busquets 91, Cuenca, 24241",Lleida,2025-08-01
Prudencia Saura Espada,america70@example.org,+34882915692,"Camino de Saturnina Oller 84 Piso 0 , Palencia, 21144",Asturias,2025-08-01
Diana de Paredes,carina12@example.org,+34844425215,"Paseo Ainara Tamayo 15 Apt. 38 , Albacete, 22089",Sevilla,2025-08-01
René Sanz Jaén,zoraida58@example.com,+34 806816976,"Plaza de Alba Quevedo 20 Piso 2 , Guadalajara, 35556",Jaén,2025-08-01
Encarna Florentina Amat Bravo,llorensfelipa@example.org,+34960 297 848,"Rambla Quique Jara 233 Piso 6 , Huesca, 12684",Zaragoza,2025-08-01
Rosenda Mendoza Moraleda,hcasal@example.net,+34 972 837 318,"Glorieta de Clara Acuña 82 Puerta 3 , Lugo, 18182",Ceuta,2025-08-01
Nilo Gilabert-Castrillo,noelia51@example.com,+34928293189,"Plaza Albino Rueda 58, Cádiz, 15686",Zaragoza,2025-08-01
Luisa Tomás Ortuño,cardenaseutimio@example.org,+34 732 508 961,"Avenida Elisabet Águila 497, Burgos, 51881",Granada,2025-08-01
Armida Carrasco Barral,nando63@example.com,+34 928 374 088,"Urbanización de Cintia Solís 52, Albacete, 16672",Granada,2025-08-01
Bienvenida Adelia Montoya Cantón,irmagarmendia@example.com,+34824905405,"Avenida de Marta Gutiérrez 26 Puerta 1 , Valencia, 13692",Albacete,2025-08-01
Valero Folch-Gomis,margarita37@example.net,+34878 696 646,"Urbanización Emiliana Cortés 24, Tarragona, 09968",Salamanca,2025-08-01
Flor Badía Iborra,vilaplanaamancio@example.net,+34 742440525,"Camino de Tomás Casas 268, Almería, 40299",Guipúzcoa,2025-08-01
Manola Cabo Silva,cabezasambrosio@example.com,+34943 40 69 29,"Ronda Juan Carlos Rios 9 Piso 9 , Ávila, 13070",La Coruña,2025-08-01
Ciro Hervia,tgamez@example.net,+34871 510 310,"C. de Eladio Real 9 Puerta 5 , Salamanca, 09089",Guipúzcoa,2025-08-01
Ascensión Beltrán,felix53@example.com,+34881827848,"Calle de Nicanor Cuervo 921, Jaén, 32116",Valladolid,2025-08-01
Macaria Pérez Corominas,tadeo88@example.org,+34 973 102 734,"Vial de Judith Cordero 16, Girona, 18519",Valencia,2025-08-01
Leyre Querol Torralba,noe72@example.org,+34901 19 88 49,"Cañada de Juan Antonio Guardiola 18, Vizcaya, 31713",Santa Cruz de Tenerife,2025-08-01
Adoración Perez,valbuenatomasa@example.com,+34847 068 901,"Ronda de Glauco Leon 26 Puerta 8 , Teruel, 45019",Guipúzcoa,2025-08-01
Amílcar Moliner Cid,fuenteestrella@example.net,+34 883 924 141,"Plaza de Amelia Acevedo 732, Huesca, 44667",Huelva,2025-08-01
Victor de Palomares,juan-bautistacarrasco@example.net,+34 842420264,"Calle Rosalina Grau 62, Valencia, 11240",Cáceres,2025-08-01
Marcial Quirino Solé Nogueira,juan-antonio17@example.net,+34 724 66 79 45,"Paseo de Arcelia Mur 61, Guipúzcoa, 12879",Valladolid,2025-08-01
Amaro del Casas,gabriela60@example.org,+34 882 13 02 96,"Cañada de Rodolfo Company 74 Puerta 3 , Valladolid, 33051",Sevilla,2025-08-01
Aitana Ojeda-Hernando,arevalolope@example.org,+34 882797929,"Camino Roldán Mata 26 Puerta 5 , Zaragoza, 23802",Murcia,2025-08-01
Manuelita Izaguirre Uribe,badiaeliana@example.org,+34 942 480 614,"Pasaje de Teobaldo Barrera 91, Málaga, 42966",Jaén,2025-08-01
Pastora Carbonell Benavides,sgarmendia@example.net,+34984 929 653,"Avenida de Ruth Alba 595 Puerta 1 , Salamanca, 48876",Castellón,2025-08-01
Rogelio de Diez,eulalia23@example.org,+34865 319 444,"Alameda de Toño Carmona 55 Piso 7 , Valladolid, 22078",Huelva,2025-08-01
Piedad Avilés,kelias@example.net,+34 872 11 70 45,"Glorieta Emelina Fonseca 8, Pontevedra, 45773",Guipúzcoa,2025-08-01
Eva Isa Barba Salinas,tudelatere@example.org,+34976 828 019,"Glorieta Adelardo Mir 70, Lugo, 22257",Soria,2025-08-01
Florentino Cañellas Gargallo,daniel05@example.com,+34 873 417 264,"Paseo Darío Barba 87 Apt. 67 , Burgos, 38139",Girona,2025-08-01
Glauco Monreal-Arnaiz,teobarrera@example.net,+34742 19 00 35,"Calle Ariel Torres 62, Ourense, 11555",Ávila,2025-08-01
Heriberto de Ferrero,alejandra15@example.com,+34803868624,"Vial Encarnacion Rodríguez 5, Ávila, 10245",Almería,2025-08-01
Herminia Pinilla Torrents,albertoche@example.com,+34846275545,"Camino Juan Bautista Prado 55 Puerta 7 , Zamora, 32305",Córdoba,2025-08-01
Roberta Miranda Cabanillas,pontamerico@example.net,+34 902 481 726,"Via de Luciana Mariscal 64 Piso 5 , Málaga, 17868",Guipúzcoa,2025-08-01
Evangelina Girón Losada,sansciro@example.net,+34976 450 853,"Glorieta Adoración Sanjuan 29 Piso 1 , La Rioja, 31755",Barcelona,2025-08-01
Joan Heredia Velasco,coelloambrosio@example.com,+34 925887263,"Pasaje Paula Paredes 91, Navarra, 40734",Almería,2025-08-01
Felisa Julián,candelamanuel@example.org,+34 848 268 940,"Camino Asunción Viñas 13 Piso 6 , Valladolid, 03277",Badajoz,2025-08-01
Blas Sancho Huerta,zsaenz@example.org,+34824 87 01 36,"Via de Odalys Becerra 41 Piso 9 , Cuenca, 06082",Valencia,2025-08-01
Isaura Remedios Alegria Arias,xcampoy@example.com,+34 948 39 28 21,"Calle de Victoriano Cuevas 40, Segovia, 21575",Málaga,2025-08-01
Graciana Mayo Cánovas,qpeinado@example.net,+34881 82 39 83,"Acceso Marisela Oliver 925 Apt. 22 , Zaragoza, 44292",Zamora,2025-08-01
Virginia Jordá Soler,campoymanuelita@example.com,+34 971 23 80 58,"Plaza de Jose Ignacio Rodríguez 86, Ávila, 02910",Barcelona,2025-08-01
Ramiro Ferrández-Vázquez,calvodelia@example.org,+34 848 54 41 70,"Ronda de Moisés Arnaiz 751, Ceuta, 40401",Valladolid,2025-08-01
Maxi Caballero Bas,marcelino55@example.org,+34 800 36 86 95,"Vial María Manuela Fonseca 93 Puerta 6 , Sevilla, 20703",Melilla,2025-08-01
Esmeralda Nadal Lorenzo,azaharcanete@example.net,+34 872046418,"Rambla Gabriel Sosa 4, Valencia, 27939",Huelva,2025-08-01
Norberto Méndez Castillo,nayarariera@example.com,+34847150064,"C. de Timoteo Redondo 82, Zaragoza, 05708",Albacete,2025-08-01
Dionisio Novoa Salvador,dani30@example.org,+34738 55 95 39,"Pasadizo Adrián Vilalta 368, Tarragona, 28055",Burgos,2025-08-01
Adalberto del Egea,pozajose-maria@example.net,+34 874 49 08 51,"Pasaje de Natalio Carlos 7, Baleares, 39584",Valladolid,2025-08-01
Emperatriz Arrieta Gutierrez,acano@example.org,+34877 12 64 63,"Ronda de Ezequiel Diez 450 Apt. 04 , Navarra, 39819",Toledo,2025-08-01
Pascual de Martínez,bartolomecamilo@example.org,+34 885625664,"Rambla Herminio Pineda 80, Palencia, 15096",Melilla,2025-08-01
Petrona de Román,famor@example.com,+34 938 44 84 36,"Cuesta de Susanita Lopez 7 Piso 7 , León, 06863",Sevilla,2025-08-01
Renata Millán Poza,fernandoheras@example.com,+34941144671,"Acceso de Amaro Jaén 51 Apt. 61 , Santa Cruz de Tenerife, 33552",La Coruña,2025-08-01
Calisto Amores Juan,churtado@example.com,+34888722817,"Pasaje Lucho Céspedes 126 Piso 0 , Guipúzcoa, 43204",Lleida,2025-08-01
Yésica Báez,jacobouribe@example.com,+34939 663 620,"Cañada de Eladio Galiano 6, Las Palmas, 17801",Zaragoza,2025-08-01
Melania Garcés-Reina,hipolitoarenas@example.net,+34806878755,"Calle Reyes Ponce 60 Puerta 4 , Huesca, 49146",Ceuta,2025-08-01
Porfirio Salmerón Almeida,amarco@example.net,+34 941 106 224,"Rambla de Nerea García 15 Piso 5 , Cádiz, 45905",Las Palmas,2025-08-01
Joel del Arregui,anastasio08@example.org,+34 845081126,"C. de Marino Agullo 77 Apt. 24 , Melilla, 17837",Córdoba,2025-08-01
Raúl Guijarro Pacheco,amanciovalero@example.net,+34 848 650 200,"Cuesta Gervasio Lopez 11 Apt. 14 , Castellón, 23481",Ávila,2025-08-01
Tamara Sanz,dulce26@example.com,+34 885 421 958,"Vial Iris Mariño 462, León, 09627",Melilla,2025-08-01
Gisela Matas Bolaños,herminia32@example.com,+34846 828 554,"C. de Luis Madrid 39, Valladolid, 07143",Guipúzcoa,2025-08-01
Dimas de Amador,damian95@example.com,+34874109722,"Calle de Liliana Pagès 8 Apt. 63 , Ourense, 38101",Navarra,2025-08-01
Andrea Coll Escamilla,gfrancisco@example.com,+34973787080,"Acceso Corona Mateos 79, Ávila, 12384",Girona,2025-08-01
Marisela Jiménez Estevez,varapili@example.com,+34875 323 668,"Cañada de Fortunata Murillo 54, Soria, 16967",Girona,2025-08-01
Eduardo Codina-Gallego,bazorin@example.org,+34 941 74 56 99,"Via Íñigo Avilés 52 Piso 1 , Santa Cruz de Tenerife, 38740",Salamanca,2025-08-01
Adelina Arroyo,mandres@example.com,+34988 77 67 68,"Vial de Luis Bermudez 20 Puerta 9 , Navarra, 41674",Zamora,2025-08-01
Albino Acero Casanova,ollercesar@example.com,+34926113343,"Glorieta Regina Vigil 5 Piso 1 , Córdoba, 21775",Ávila,2025-08-01
Fabiana Font Flor,nilda44@example.com,+34 888 308 330,"Alameda de Itziar Arrieta 38, Ávila, 44753",Córdoba,2025-08-01
Lola Leire Otero Verdejo,rfont@example.net,+34 977 75 60 32,"Callejón de Gilberto Milla 6, Guadalajara, 26507",Burgos,2025-08-01
Rosalva de Verdú,marisa32@example.org,+34880 67 63 57,"Ronda Antonia Luque 466 Puerta 2 , Zamora, 12488",Lugo,2025-08-01
Jordi de Ferrán,gracia74@example.com,+34 949611418,"Paseo Nerea Huerta 780, Cuenca, 14762",Las Palmas,2025-08-01
Cristian Escolano Gracia,jaenisidora@example.com,+34 975 196 670,"Cuesta de Delia Hernandez 29, Álava, 20830",Jaén,2025-08-01
Ileana Escudero Rocamora,carmina53@example.com,+34882430601,"Urbanización Urbano Téllez 99, Lugo, 07227",Almería,2025-08-01
Aníbal Mauricio Cruz Vega,pbuendia@example.net,+34842 74 19 25,"Cañada de Nando Villanueva 25, Burgos, 18193",Zamora,2025-08-01
Angelino Escribano Borrell,jorge32@example.org,+34827683038,"Calle de Cesar Giralt 509, Cáceres, 30086",Lugo,2025-08-01
Juliana Llanos Boada,patricia15@example.com,+34 946236134,"Paseo Segismundo Sancho 86 Puerta 4 , Pontevedra, 10919",Badajoz,2025-08-01
Tito Contreras Rosado,gbello@example.com,+34845656223,"Rambla Desiderio Nuñez 885 Apt. 78 , Ávila, 15643",Sevilla,2025-08-01
Aitana Pulido,pmontesinos@example.net,+34902553451,"Rambla de José Manuel Rincón 392 Puerta 1 , Navarra, 16973",Cantabria,2025-08-01
Leonel Solís Casanovas,carlitoleon@example.net,+34 843502101,"Alameda de Angelita Castrillo 4, Albacete, 31802",Sevilla,2025-08-01
María Pilar Rivero-Agudo,maricelacarro@example.org,+34 815 74 83 24,"Acceso de Aurora Morata 58, Melilla, 37632",Palencia,2025-08-01
Sosimo Peñas,nietoleoncio@example.org,+34875571672,"Ronda Modesto Albero 6, Girona, 11797",Pontevedra,2025-08-01
Josefina Talavera Royo,aros@example.net,+34 985116818,"Rambla de Milagros Salamanca 130, Castellón, 40199",Soria,2025-08-01
Che Íñigo Arranz Jaume,bpombo@example.com,+34987917717,"Plaza de Joel Gomez 83, Cádiz, 38209",Lleida,2025-08-01
Asunción Reig-Querol,americo06@example.com,+34713 546 317,"Via de Evita Casanovas 66 Apt. 56 , Valencia, 38756",Toledo,2025-08-01
Berto Frías Soriano,hector33@example.com,+34 849 37 94 10,"Alameda Leticia Marcos 42, Alicante, 48401",Cáceres,2025-08-01
Cintia Cueto,hguerrero@example.net,+34926888547,"Calle de Isidro Ruiz 738, León, 31368",Guadalajara,2025-08-01
Imelda Canet,gfont@example.com,+34 941 10 64 17,"Cañada Esmeralda Mena 3 Apt. 85 , Murcia, 27768",Segovia,2025-08-01
Evaristo Marí Vazquez,santiagoalex@example.org,+34923 587 702,"Ronda de Macarena Cobo 842 Piso 8 , Guipúzcoa, 11738",Granada,2025-08-01
Nilo Llorente Izquierdo,jimenezsimon@example.org,+34844476074,"Paseo Ofelia Company 3 Apt. 11 , Barcelona, 07131",Cuenca,2025-08-01
Roque Marti,wlasa@example.net,+34 877 427 452,"Camino de Jeremías Adán 8, Málaga, 49455",Córdoba,2025-08-01
Jessica Fabra Bermejo,rreig@example.org,+34872108329,"Acceso Pili Matas 23, Huesca, 32451",Teruel,2025-08-01
Juan Luis Leon Llano,bastidayesica@example.org,+34825699370,"Acceso de Juan Luis Anguita 30, Jaén, 17178",Zamora,2025-08-01
Emilia Río,saezjuliana@example.com,+34 972 38 14 38,"Alameda Gisela Crespo 57 Puerta 3 , Baleares, 15933",Córdoba,2025-08-01
Rico Cuadrado,danielasanabria@example.com,+34 873 634 329,"Acceso de Carmelo Conde 6 Apt. 09 , Salamanca, 34174",Badajoz,2025-08-01
David Codina Azcona,martinpatricia@example.com,+34 827 322 456,"Pasaje de Eleuterio Sebastián 15 Puerta 0 , Valencia, 39775",Cádiz,2025-08-01
Adela de Barranco,porfirio34@example.com,+34985 17 85 33,"Pasaje de Leandra Benet 79, Cantabria, 28332",Melilla,2025-08-01
África Pallarès-Llamas,dani60@example.com,+34 877 39 74 69,"Ronda de Edelmiro Rios 25, Zaragoza, 34065",Valencia,2025-08-01
Consuelo Palmer Silva,diaznuria@example.com,+34887 090 397,"Urbanización de Wálter Linares 76, León, 16253",Tarragona,2025-08-01
Evaristo Ferrando-Vidal,oriana96@example.org,+34 828 653 223,"Rambla René Arregui 11, Barcelona, 51398",Santa Cruz de Tenerife,2025-08-01
Abraham Carrasco Fabregat,gertrudis98@example.org,+34 884472126,"Avenida Fermín Pujol 99 Piso 7 , Valladolid, 18736",Sevilla,2025-08-01
Valerio Barrena Cervantes,adelina22@example.com,+34 807275410,"Camino Román Abad 55 Apt. 72 , Huesca, 21763",Soria,2025-08-01
Teófilo Aznar Vizcaíno,ncarranza@example.org,+34 886 06 03 38,"Callejón Agustín Barco 3 Piso 2 , Segovia, 25793",Ceuta,2025-08-01
Aurelia Barreda Márquez,carreteroalberto@example.org,+34 901741593,"Urbanización Modesto Ortuño 60 Apt. 33 , Granada, 50884",Girona,2025-08-01
Severo Raya Rivero,villenaalba@example.com,+34 972 226 060,"Calle de Abraham Fuentes 32, Valencia, 41890",Sevilla,2025-08-01
Cruz Roselló,amayagil@example.com,+34 981428364,"Alameda de Isidro Almansa 89 Piso 1 , Ceuta, 06601",Badajoz,2025-08-01
Marisela Cruz Carpio,bernardo52@example.org,+34 826 124 475,"Ronda María Del Carmen Carrera 50 Apt. 18 , Huelva, 15766",Granada,2025-08-01
Iris Vallejo Tejera,benaventgalo@example.net,+34732 07 01 18,"Avenida Mireia Gálvez 9, Teruel, 17659",León,2025-08-01
Américo de Alcázar,patinoamilcar@example.net,+34872637337,"Acceso Régulo Camino 99, Toledo, 28799",Vizcaya,2025-08-01
Horacio Manso Jaume,gllano@example.net,+34 847390102,"Alameda de Apolinar Casas 35, Girona, 16203",Córdoba,2025-08-01
Lilia Salom Berenguer,oalcala@example.net,+34 943152852,"C. Mirta Cerdá 570, Las Palmas, 37918",Valladolid,2025-08-01
Nilda Silva Company,primitivo03@example.com,+34661 140 102,"Cañada de Lorena Casals 44 Piso 1 , Guipúzcoa, 29976",Cádiz,2025-08-01
Chelo Cepeda Iniesta,nramis@example.com,+34880 117 731,"Camino de Felix Sabater 26 Apt. 10 , Badajoz, 01631",Castellón,2025-08-01
Ileana Iglesias Cánovas,amenendez@example.com,+34828566960,"Cuesta de Juan Luis Macías 856 Apt. 93 , Huelva, 15328",Zamora,2025-08-01
Calista Vega Canet,egonzalez@example.org,+34888461202,"Avenida Lino Mir 18 Piso 0 , Málaga, 18601",Huesca,2025-08-01
Josefa del Losa,jacero@example.net,+34 943 67 57 71,"Camino Calixta Esteban 323 Piso 1 , Segovia, 32656",Cáceres,2025-08-01
Encarna Asensio,celestinasans@example.org,+34988 43 23 39,"Glorieta Rodrigo Acosta 2, Valladolid, 52093",Lleida,2025-08-01
Ezequiel Jurado Perea,ramirotorrent@example.org,+34 749 925 557,"Plaza de Claudia Arnal 999 Apt. 50 , Barcelona, 39101",Granada,2025-08-01
María Beltran-Rodríguez,candelasordonez@example.org,+34 947 167 807,"Pasadizo de Jonatan Losa 89, Álava, 49147",Asturias,2025-08-01
Osvaldo Ibarra Soler,carrionruperta@example.com,+34980455870,"Pasaje de Adolfo Tudela 8, Alicante, 12462",Valencia,2025-08-01
Eleuterio Catalá Recio,pozuelofelisa@example.com,+34 982279736,"Camino Íñigo Uribe 7 Apt. 56 , Murcia, 28670",Valencia,2025-08-01
Juliana Esperanza Gomez Méndez,vacedo@example.com,+34 864 29 81 02,"Calle Fulgencio Llabrés 79 Apt. 94 , Álava, 28150",Lleida,2025-08-01
Adelina Maricruz Gomis Lillo,ymendez@example.com,+34 845780202,"Calle de Reyna Benavent 9 Apt. 20 , Ceuta, 38849",Guadalajara,2025-08-01
Esperanza Pino Reguera,ignacia45@example.com,+34 728 70 01 26,"Rambla de Anabel Plaza 77 Piso 5 , Valladolid, 10187",Vizcaya,2025-08-01
Leonor Perera Solana,cristian04@example.org,+34983 85 94 49,"Pasaje de Candela Manuel 87, Guipúzcoa, 03009",Sevilla,2025-08-01
Ovidio Bellido Verdú,aureliacaro@example.com,+34 879509301,"Glorieta de Valentina Quintero 45 Apt. 47 , Burgos, 11341",Teruel,2025-08-01
Yolanda Reina Sanmartín,hernan95@example.org,+34976 23 58 66,"Camino Asunción Duran 29 Apt. 95 , Cuenca, 17227",La Rioja,2025-08-01
Felicia Marcia Manzanares Yáñez,tomasaguilera@example.net,+34921305422,"C. de Eligia Vall 52 Piso 3 , Málaga, 18567",Baleares,2025-08-01
Almudena Barranco Arellano,camilolopez@example.com,+34 949 256 666,"Paseo Manuela Murillo 9 Apt. 26 , Palencia, 29504",Tarragona,2025-08-01
Adela Diéguez-Fiol,vallrosa@example.net,+34 916 87 50 54,"Alameda Iván Saez 65 Apt. 55 , La Rioja, 14549",Ciudad,2025-08-01
Paulino Echeverría Colomer,dionisio01@example.org,+34 884 436 259,"Calle de Remedios Gómez 93 Apt. 66 , Salamanca, 37878",Palencia,2025-08-01
Mirta Sebastián Padilla,ealberdi@example.net,+34921 56 09 81,"C. Laura Álvarez 5, Ceuta, 18657",Huesca,2025-08-01
Nuria Emiliana Caparrós Laguna,dorita53@example.com,+34871 854 171,"Cuesta Marisa Villar 48 Apt. 77 , Almería, 36293",León,2025-08-01
Nélida Riera,zbaez@example.com,+34 888 73 78 35,"Cañada Anna Rodríguez 40, Castellón, 23294",Huelva,2025-08-01
Iris Miralles Carmona,maria-teresamulet@example.org,+34849 069 543,"Calle de Adán Montserrat 1 Apt. 59 , Valencia, 05776",Zaragoza,2025-08-01
Florencio Múgica,sabinacortes@example.org,+34 872276551,"Acceso Aurelia Arnau 31 Puerta 2 , Toledo, 05371",Badajoz,2025-08-01
Marcela Poza Alsina,jose-angel60@example.org,+34 825 497 495,"Vial de Jose Carro 24 Puerta 0 , Barcelona, 25841",Baleares,2025-08-01
Montserrat Cabrero Nadal,mjorda@example.net,+34827 17 78 35,"Avenida Constanza Carrillo 4, Ciudad, 40729",Guadalajara,2025-08-01
Manu Martin Rodrigo,lucianouriarte@example.org,+34 882688477,"Urbanización de Gracia Vidal 760 Puerta 4 , Asturias, 18181",Valencia,2025-08-01
Asdrubal Barbero-Olmo,pascuala61@example.org,+34820732425,"Camino de Flor Ballester 55, Palencia, 31300",Baleares,2025-08-01
Dorita Múñiz Toro,hilario72@example.com,+34 928 156 496,"Ronda de Nilo Lerma 61, Baleares, 38746",Las Palmas,2025-08-01
Valeria Almeida Porras,puertaeliana@example.org,+34743534289,"Callejón de Luís Castejón 61 Apt. 19 , Albacete, 13329",Soria,2025-08-01
Dimas Barón,piosanabria@example.net,+34872 308 608,"Cañada Mateo Anglada 8, Murcia, 37918",Tarragona,2025-08-01
Manuelita Rovira Arranz,ingrid55@example.org,+34978 999 855,"Rambla de Renato Alcaraz 16, Teruel, 12432",Zaragoza,2025-08-01
Atilio Hoyos,qpont@example.com,+34 885 744 429,"Acceso de Joaquín Ripoll 13, Lugo, 19413",Barcelona,2025-08-01
Fortunato Rueda Goñi,uquiros@example.net,+34946 53 41 92,"Cañada Miguel Bernat 15, Cáceres, 10586",Guadalajara,2025-08-01
Susanita Clavero-Antúnez,pascualjudith@example.org,+34844 512 614,"C. Alberto Llano 54, Asturias, 39336",Lugo,2025-08-01
Dani Expósito Flores,abigailtomas@example.com,+34 946386616,"Camino Yéssica Julián 40, Málaga, 13918",Cuenca,2025-08-01
Adora Buendía-Aznar,menamaria@example.com,+34819 51 31 22,"Plaza Adelaida Pastor 66 Puerta 5 , Las Palmas, 07264",Salamanca,2025-08-01
Inocencio Cerezo Viñas,nataliopina@example.net,+34888 61 46 04,"Camino de Renata Carvajal 98, Albacete, 23467",Cáceres,2025-08-01
Nidia Obdulia Alcántara Rosell,leocadiomachado@example.net,+34 981 202 416,"Urbanización de Carmelo Verdugo 43 Puerta 5 , Murcia, 05066",Cádiz,2025-08-01
Martin Criado Tudela,salomongomila@example.com,+34733 083 404,"Plaza de Rosa Bertrán 1, Zaragoza, 05257",Álava,2025-08-01
René Ángel-Bolaños,caridad98@example.com,+34 803679168,"Pasaje María José Antúnez 928, Vizcaya, 47263",Cádiz,2025-08-01
Odalys Baquero-Sanz,elias71@example.com,+34 960 96 33 90,"Pasadizo Humberto Cornejo 49, Cádiz, 43873",Ávila,2025-08-01
Lidia Segura Viñas,leonardovina@example.org,+34 947033602,"Rambla de Rodrigo Mateos 6, Cantabria, 26451",Ourense,2025-08-01
Imelda Leiva Ferrándiz,tejadarosa-maria@example.net,+34 873 941 144,"Callejón de Ruy Manzanares 53, Salamanca, 25106",Albacete,2025-08-01
Elvira Arévalo Suarez,jorgeexposito@example.com,+34 980 390 301,"Acceso Cruz Tormo 935, Málaga, 28643",Valencia,2025-08-01
Teresa Morales España,acostadionisio@example.org,+34943 37 71 36,"Via de Haydée Roman 24, Melilla, 22178",Teruel,2025-08-01
Jacobo Casal Meléndez,molmedo@example.com,+34747 05 03 17,"Rambla Arcelia Verdugo 406 Piso 0 , Sevilla, 39869",Murcia,2025-08-01
Cecilia Cano Santamaria,martinnestor@example.net,+34 824 218 769,"Pasadizo de Anita Salmerón 37 Apt. 89 , Santa Cruz de Tenerife, 38952",Baleares,2025-08-01
Simón Pallarès Castilla,fcanas@example.org,+34886 29 77 20,"Cañada de Gabriel Alegre 25, Jaén, 32347",Cantabria,2025-08-01
Amparo Flavia Guillen Puig,cabreragabriel@example.com,+34 827 419 170,"Urbanización Íngrid Carreño 630, Cantabria, 13370",Las Palmas,2025-08-01
Adela Melero Vaquero,santamariamiguela@example.org,+34822 44 68 28,"Paseo Estefanía Duran 495 Puerta 1 , Guipúzcoa, 42630",Málaga,2025-08-01
Lucila del Soler,sansjose-carlos@example.com,+34921361470,"Pasaje Ani Tapia 52 Puerta 4 , Albacete, 13628",Cáceres,2025-08-01
Ildefonso Esteve Marco,macario28@example.com,+34 922 967 932,"Calle Ruth Osuna 906 Apt. 31 , Madrid, 03711",Guipúzcoa,2025-08-01
Celestina Quintanilla Sáenz,amadopinol@example.net,+34 925 29 69 51,"Camino Alex Fabregat 8, Cuenca, 28116",Sevilla,2025-08-01
Samanta Llamas-Pedrero,opacheco@example.net,+34941 04 44 44,"Pasadizo Nydia Peña 47 Piso 5 , Valladolid, 42631",Girona,2025-08-01
Heriberto del Benito,mercedessaez@example.com,+34 871 122 521,"Urbanización de Nereida Mora 13, La Rioja, 25304",Vizcaya,2025-08-01
Quique Leon,rufinosuarez@example.com,+34 834 35 99 40,"Ronda Cleto Corral 76 Piso 9 , Navarra, 06284",Zamora,2025-08-01
Joan Carrillo Gallardo,gvillalonga@example.com,+34974283109,"C. Eliana Serra 37 Piso 3 , Burgos, 33249",Asturias,2025-08-01
Haroldo Bonilla Puga,icuellar@example.net,+34986774640,"Rambla de Verónica Saura 80, Segovia, 21238",La Coruña,2025-08-01
Jordana Linares Solís,ineslozano@example.com,+34881 335 166,"Pasaje Juan Pablo Corominas 71, Álava, 21065",Salamanca,2025-08-01
Estrella María Cristina Lorenzo Ricart,toniheras@example.org,+34 843 823 142,"Pasaje Claudio Jordá 29 Piso 0 , Vizcaya, 46037",Zamora,2025-08-01
Santiago Solera,leon21@example.com,+34 949 607 136,"Cuesta Poncio Terrón 15, Ceuta, 07643",Toledo,2025-08-01
Ambrosio Jove-Jove,canoleonardo@example.com,+34 972177121,"Urbanización de Miguela Plana 61 Piso 4 , Cáceres, 30106",Ciudad,2025-08-01
Cristóbal Carro Luz,esedano@example.com,+34 709 77 90 41,"Cuesta Amado Alvarado 87, Álava, 14030",Huesca,2025-08-01
Tecla Ruano Diaz,georgina52@example.org,+34 946546424,"Ronda de Benigna Diaz 586, Toledo, 49832",Castellón,2025-08-01
Edmundo Trinidad Palau Espejo,miguela66@example.net,+34974 02 48 12,"Via de Severino Acuña 5, Pontevedra, 42709",Almería,2025-08-01
Noé Frías Badía,manuelaesteve@example.org,+34843686526,"Cañada Poncio Galván 35 Puerta 5 , Toledo, 51410",Guipúzcoa,2025-08-01
Nilda Imelda Tur Esteve,aroa87@example.net,+34 974 720 654,"Urbanización de Maximiano Pérez 20 Apt. 83 , Córdoba, 32485",Albacete,2025-08-01
Adelaida Gutierrez,cornejojoaquin@example.com,+34960 850 956,"Ronda de Chema Chamorro 3, Navarra, 38393",Tarragona,2025-08-01
Ámbar del Cabrero,rosalinaayala@example.com,+34 820956733,"Plaza de Jessica Crespo 972, Huelva, 26422",Cádiz,2025-08-01
Saturnina Figueroa Cortina,amigocustodio@example.net,+34 841 57 08 21,"Urbanización Eric Palacios 3 Piso 3 , Palencia, 18141",Ceuta,2025-08-01
Regina Palomar Díaz,dimas68@example.net,+34 931981123,"Calle Remigio Mateos 28, Guipúzcoa, 13904",La Coruña,2025-08-01
María Cristina Ramirez Maldonado,benignomas@example.org,+34923 735 945,"Cuesta de Mayte Almazán 751 Piso 4 , La Rioja, 41869",Toledo,2025-08-01
Toribio Abad,chus19@example.com,+34928761268,"Urbanización José Antonio Jódar 13 Piso 8 , Huesca, 31080",Cuenca,2025-08-01
Josué Egea-Echeverría,zreina@example.net,+34946 618 576,"Camino Sergio Hidalgo 97 Piso 6 , Cantabria, 47491",Baleares,2025-08-01
Paola José Beltran Salvà,remediospino@example.com,+34 943050830,"Cuesta de Victoriano Nadal 910, Pontevedra, 17448",Barcelona,2025-08-01
Fabiana Ani Hidalgo Carro,castrilloalondra@example.org,+34 824 069 322,"Vial de Rómulo Cuadrado 95, Baleares, 12539",Vizcaya,2025-08-01
Isaías Luna Vélez,nicolasavina@example.org,+34 743627498,"Cañada Prudencio Castillo 8, Palencia, 27692",Jaén,2025-08-01
Iván Muñoz Rovira,domingagomila@example.org,+34 921105565,"Calle de Lázaro Sebastián 92 Piso 8 , Palencia, 11121",Pontevedra,2025-08-01
Espiridión Sanjuan Silva,estefaniaolivera@example.org,+34920900984,"Callejón de Odalys Salcedo 94, Ávila, 19916",Burgos,2025-08-01
Susana Urrutia Villaverde,jose-miguelgarcia@example.net,+34 882 236 276,"Pasaje Caridad Palmer 42 Puerta 0 , Navarra, 26016",Murcia,2025-08-01
Omar Lobato Cobo,fabian23@example.com,+34661719160,"Plaza de Charo Campillo 7, Lleida, 38591",Madrid,2025-08-01
Vinicio del Sanabria,xllorente@example.net,+34 873486212,"Vial de Carla Bejarano 79 Apt. 38 , Huesca, 11952",Álava,2025-08-01
Candela Robles Arrieta,qandres@example.org,+34 800624360,"Pasaje de Cruz Zurita 99 Piso 0 , Valencia, 32669",Tarragona,2025-08-01
Ariel Talavera Peralta,gracia13@example.net,+34947693440,"Avenida de Guillermo Rosell 7, Las Palmas, 04058",La Rioja,2025-08-01
Zacarías Gutiérrez,angelicadomingo@example.com,+34 841515290,"Avenida Cipriano Lucas 452 Piso 0 , Toledo, 04354",Asturias,2025-08-01
Isidoro Guzman Rivera,zamoranoisabel@example.com,+34 847 07 98 07,"Callejón de Ruy Barranco 35 Puerta 9 , Navarra, 40167",Badajoz,2025-08-01
Samu Talavera Carrera,castanedaguillermo@example.com,+34749610113,"Via Gil Jover 8, Cádiz, 21177",Málaga,2025-08-01
Sosimo Riera Batlle,alejandrabalaguer@example.net,+34920 885 007,"Rambla de Marino Falcón 55 Piso 8 , Pontevedra, 44722",Huelva,2025-08-01
Lara Marqués Botella,angeles24@example.com,+34888891782,"Pasaje de Sabina Cases 33, Girona, 26498",Guadalajara,2025-08-01
Mario Barberá Barral,alvaradomartin@example.com,+34978 178 885,"Paseo de Quirino Escamilla 48, Barcelona, 08740",Cuenca,2025-08-01
Reina Ramis Torrijos,reinaldoabril@example.com,+34947020485,"Cuesta Damián Alba 3, Murcia, 08518",Zamora,2025-08-01
Azahara Dolores Valera Caro,maciasamador@example.com,+34827191526,"Rambla Tania Rios 2, Baleares, 03309",Guipúzcoa,2025-08-01
Loreto Delgado Jerez,qurena@example.com,+34739 55 04 59,"Ronda de María Fernanda Gual 8 Piso 0 , Burgos, 02525",León,2025-08-01
David Prado Terrón,antunezcornelio@example.org,+34 977709445,"Rambla de Tomasa Pomares 97, Soria, 10494",Santa Cruz de Tenerife,2025-08-01
Raúl de Ruiz,prudenciovalera@example.com,+34 855 492 379,"Calle de Gerardo Poza 683 Piso 4 , Castellón, 10978",Zaragoza,2025-08-01
Iván Gámez Marti,zvillar@example.net,+34 847 347 468,"Ronda de Aura Cervantes 10, Almería, 09055",Zaragoza,2025-08-01
Juana Castro Rovira,valenzuelagerardo@example.org,+34875 138 450,"Camino Juan Francisco Salas 11 Piso 5 , Málaga, 17783",Melilla,2025-08-01
Clara Ibarra,gerardoguitart@example.com,+34 886 526 922,"Urbanización de Adelardo Borrell 83 Puerta 3 , Ciudad, 22862",Ávila,2025-08-01
Héctor Aliaga Viana,jleiva@example.org,+34949191860,"Urbanización Anna Aramburu 4 Apt. 70 , Valencia, 27409",Vizcaya,2025-08-01
Albino Caro Vallés,fabiolacastro@example.org,+34 941306923,"Camino de Ciríaco Ferrández 35, Jaén, 06361",Huelva,2025-08-01
Federico Alegria Bastida,desteve@example.org,+34 824 364 147,"Ronda Flavio Royo 29, Valencia, 38051",Cuenca,2025-08-01
Juanito Cabezas-Tomé,tcal@example.net,+34 981 19 25 44,"Urbanización Silvio Miranda 75 Apt. 44 , Cádiz, 06461",Badajoz,2025-08-01
Flavia Casanovas-Nebot,bbarco@example.org,+34825 14 10 65,"Calle de Laura Alonso 96 Piso 1 , Valladolid, 30792",Toledo,2025-08-01
Roque Posada Bernal,tarellano@example.org,+34980 62 81 15,"Avenida Abril Ochoa 75, Granada, 20664",Cáceres,2025-08-01
Lucila de Sanz,lfrutos@example.net,+34 948339457,"Rambla Mauricio Santana 26, Guadalajara, 26389",Zamora,2025-08-01
Cristina Puente,ximenacaparros@example.net,+34882 772 789,"Alameda María Ángeles Pastor 542, Murcia, 15343",Pontevedra,2025-08-01
Áurea Pedro Barral,malenarius@example.com,+34826 91 80 11,"Cuesta de Begoña Murillo 4 Piso 0 , Badajoz, 27395",Badajoz,2025-08-01
Gaspar Rosselló-Merino,pratana-belen@example.org,+34 981 13 55 57,"Via Dulce Zapata 6, Baleares, 48739",Pontevedra,2025-08-01
Chus Morillo Flor,augusto51@example.com,+34849846792,"Pasadizo Fanny Manuel 67 Apt. 97 , Málaga, 38161",Ourense,2025-08-01
Jimena Valero Ugarte,tcarbo@example.org,+34827 90 93 98,"Cuesta Dimas Sanchez 35 Puerta 7 , Albacete, 21643",Granada,2025-08-01
Evaristo Álvarez Silva,iaramburu@example.org,+34 927 443 992,"Alameda de Marta Cases 8, Tarragona, 32789",Málaga,2025-08-01
Jennifer Merino-Valls,sanmiguelmayte@example.com,+34944 98 53 36,"Paseo de Gustavo Bosch 264, Baleares, 28490",Asturias,2025-08-01
Guiomar Gomez Baños,esther26@example.net,+34 883 719 470,"C. de Jaime Aguiló 57, Ceuta, 32011",Alicante,2025-08-01
Manuelita Roig Tello,armandocalleja@example.org,+34820940781,"Vial de Cayetana Bustamante 33 Puerta 5 , Badajoz, 49362",León,2025-08-01
Nieves Gilabert Casanova,clara00@example.net,+34670543265,"Camino de Camilo Boix 39, Lugo, 49947",Lleida,2025-08-01
Gloria Serna Castilla,amanda94@example.com,+34 849 187 227,"Pasaje de Natanael Maestre 86, Cuenca, 25225",Guipúzcoa,2025-08-01
Angelino Ropero-Camino,pcoloma@example.net,+34 944096633,"Pasaje Yésica Galiano 40 Piso 5 , Guipúzcoa, 10343",Albacete,2025-08-01
Florinda Arce-Saura,dominga46@example.org,+34843 479 648,"C. Victoria Carreño 19 Piso 2 , Castellón, 04383",Barcelona,2025-08-01
Carlota Cárdenas Parra,gemavillena@example.org,+34 923 572 480,"Ronda Cirino Arregui 458, Tarragona, 03202",León,2025-08-01
Clementina Coca Rueda,mfonseca@example.org,+34803335870,"Glorieta de Simón Rosa 330 Puerta 2 , Lleida, 04497",Tarragona,2025-08-01
Damián Mateos Hervia,josefa29@example.net,+34 885 49 55 77,"Vial Ema Téllez 83, Salamanca, 27693",Ceuta,2025-08-01
Aurelia Pujol Mateo,primitivaroldan@example.net,+34988327986,"Alameda Iker Pizarro 767 Apt. 79 , Castellón, 17974",Cuenca,2025-08-01
